"","baseMean","log2FoldChange","lfcSE","stat","pvalue","padj"
"ISG15",289.82484225492,1.1804836694465,0.281799897696424,4.18908480484333,2.80081724644973e-05,0.000924831102357765
"RBP7",36.4849774176832,1.26223096665975,0.457274570694435,2.76033492250156,0.00577421313728734,0.0365848222108641
"HNRNPR",48.5997467240475,-1.37287286162001,0.467699075011178,-2.93537647383031,0.00333143224088247,0.0250974666683554
"RPL11",39398.744803048,1.16740275214412,0.22018560178121,5.30190322482629,1.14601591347618e-07,2.32751122372573e-05
"CLIC4",3796.55808750692,-1.1562932590663,0.176036555092626,-6.56848379280026,5.0830163780689e-11,8.37342231347217e-08
"ZNF593",1736.63028259823,1.01399276620509,0.218546363301818,4.63971466230599,3.48890564108529e-06,0.000234242963919938
"SNHG3",315.557201528863,1.09655991634948,0.228656125701403,4.79567259781815,1.62129901050896e-06,0.00013580440186331
"ZC3H12A",154.62570055262,1.18499519391832,0.256729198180415,4.6157398625363,3.91697342503285e-06,0.000249240549354236
"CITED4",401.031356543988,1.10989303731876,0.179847059006213,6.17131602513676,6.77239027630436e-10,4.18364409318702e-07
"SLC6A9",209.509573163695,-1.31128704989531,0.241438804396418,-5.43113627974362,5.59963498942081e-08,1.43138255781298e-05
"FAF1-AS1",14.8616069175695,4.0034491932078,1.13288252127006,3.53386085321501,0.000409536621734349,0.00588351739712544
"LOC105378726",10.5511458983575,2.74492909528942,1.0318526611311,2.66019481141861,0.00780954664302154,0.0456382887384459
"CTH",516.99162063354,-1.20633825834035,0.171839292621439,-7.02015377238494,2.21624194328423e-12,6.5716006102264e-09
"RPL17P6",78.8274084011806,1.00482800405235,0.373629692980367,2.68936870631733,0.00715873013961977,0.0428137688785811
"NEXN",333.530475462925,1.83815144709419,0.677439978983217,2.71337905072138,0.00666008758083315,0.0405262494335368
"RPL7P9",604.459808990864,1.27720054838146,0.215111659774265,5.93738409959615,2.89605636274197e-09,1.4805838494487e-06
"SLC30A7",189.633939206157,-1.00228756991876,0.290706494871283,-3.44776462721464,0.000565246386567269,0.0073324035290029
"FAM102B",137.93567097284,-1.04075596371225,0.265310442989882,-3.92278551866857,8.75310682179764e-05,0.00207970451506365
"SCARNA2",53.3509107404532,1.73381887598466,0.569882330466514,3.04241557123789,0.00234687643150866,0.0196137485758441
"NBPF20",111.818031658982,1.07003629185383,0.367147828984848,2.9144562690523,0.00356308724872022,0.0262556319828658
"CA14",29.3590619737546,1.55676106676956,0.531168438989104,2.93082373217114,0.00338064544675433,0.0253779490600404
"RAB13",5022.53774953058,1.29062911536934,0.441466793954503,2.92350213661222,0.00346117849883889,0.0257349209748171
"ATP8B2",109.872252447924,-1.59418293311842,0.300950080903939,-5.2971673186799,1.17612917455432e-07,2.35639069485708e-05
"DPM3",173.306542551671,1.05560337793154,0.327416242005496,3.22404096835802,0.00126395315702704,0.0128263993881471
"GPATCH4",3201.15250586401,1.23724120033035,0.425057524941826,2.91076178571285,0.00360548787897778,0.0264380009616648
"BCAN",9.38029938207845,4.10103437823381,1.20295317500989,3.40913882886596,0.000651683064576231,0.00806498590601603
"KIRREL1-IT1",53.242575282856,2.21823345639683,0.575872875630549,3.85194988384892,0.00011718100854821,0.00248189376105108
"GPA33",147.028955038031,-1.22748884444099,0.297340677178749,-4.12822374687427,3.65576299985626e-05,0.00111066275073502
"DNM3",28.1008850349028,1.47184860981034,0.541167009158621,2.71976780716678,0.00653277710193271,0.0400446335293342
"LOC105371630",78.9612656887962,1.52309849429179,0.366383595351149,4.15711432940119,3.22292722174298e-05,0.00101021393212603
"RPS14P2",379.042918330246,1.07849751167314,0.303203920568109,3.55700384629714,0.000375108666122773,0.00551189504707608
"LOC107985246",13.6201566223635,-1.98396116501923,0.757347333610071,-2.61961860427001,0.00880281561468456,0.0495645944762489
"LINC00467",167.580011912052,1.25985858263775,0.289016291778489,4.35912652150191,1.305826044029e-05,0.000547064557311925
"RPL21P28",89.9749694412871,2.63574874879271,0.457162487754288,5.76545280812574,8.14388886220002e-09,3.53941346642565e-06
"FLVCR1-DT",32.4560179424694,2.11542503039274,0.604017306599983,3.50225897052599,0.000461330977824796,0.00638626804596679
"ESRRG",50.4611422062065,-1.33868925772805,0.398981585717767,-3.35526577077424,0.00079288769787716,0.00923436999899982
"LINC02869",20.2059909921255,3.13038395580812,0.745264314540711,4.20036743304595,2.6648216176216e-05,0.000902193092432455
"AIDA",1668.83742447664,-1.06988123576104,0.218411604774958,-4.89846332507563,9.65890621330334e-07,9.89943676378232e-05
"NID1",116.529033862217,-1.48360949118213,0.396768476094566,-3.73923227416012,0.000184583115837301,0.00337377212105005
"HEATR1",1992.68924906925,-1.04451764018512,0.212568439019,-4.91379456426153,8.93303534038241e-07,9.26162111583984e-05
"ASAP2",730.454998986452,-1.03545324629725,0.206999975153687,-5.00219019605428,5.6682626334325e-07,6.88833293469428e-05
"IAH1",30.4350092521749,2.02274247524883,0.626228943773314,3.23003670680069,0.00123774325826952,0.0126331436025904
"LOC105373422",21.3573667918471,2.29650923858309,0.697908066155576,3.29056125004172,0.00099987731490061,0.0108643263508635
"LOC105373485",75.2273073851731,1.13940466804734,0.326683667313196,3.48779195917065,0.000487026871636044,0.00663663639602573
"VSNL1",258.417740290284,-1.1186221543204,0.20201424553802,-5.53734293015428,3.07094888680594e-08,9.64756358105733e-06
"LOC105374333",57.470532500684,1.50664467012461,0.503440030746422,2.99269938445458,0.00276521976277868,0.0220533341597401
"PREPL",680.332139222166,-1.29333318466032,0.239846771849761,-5.3923310065247,6.95494985806013e-08,1.69183420372271e-05
"BCYRN1",2040.2799661731,2.12465910651846,0.532486415493532,3.9900719430546,6.60532569616498e-05,0.00170179667936213
"EIF3FP3",88.6152471042175,1.40910234750302,0.352853778193735,3.99344554199262,6.51200402324376e-05,0.00168493842318695
"SLC1A4",652.605467205501,-1.15253987914795,0.193621134807627,-5.95255203050564,2.63993166826863e-09,1.44961581162039e-06
"LOC105374800",43.0130292821348,2.38545034309628,0.494402206597456,4.82491847986132,1.40060542769678e-06,0.00012509262693393
"EGR4",38.7600737013616,1.39602907548562,0.444041652019143,3.1439146961498,0.00166704027136187,0.0155169741200875
"LOC107985909",19.4328529014399,2.42226722836053,0.871758762192689,2.77859808631912,0.00545940279014302,0.0350419502624547
"LINC00342",43.0415274082904,3.87014954296497,0.719089891608944,5.38201077240234,7.3658355655303e-08,1.73342663642146e-05
"ANKRD36C",127.943559504145,2.24988487016244,0.787345518528647,2.85755721880136,0.00426915655724651,0.0295630617084244
"NEURL3",122.643635411816,1.07110278482401,0.291002300016846,3.68073649164286,0.000232561248638508,0.00395003940658212
"ANKRD36",144.341213749726,1.2945416640953,0.403127421589905,3.21124685338875,0.00132160353749188,0.0131857968013826
"EIF5B",23865.8659606562,1.6180890388825,0.575539264098138,2.81143119126377,0.0049321638942949,0.0328227372237208
"LINC01106",71.147669639405,1.18110423851452,0.445956210532233,2.64847581583159,0.00808556341199661,0.046815066055845
"ZC3H6",140.289615762374,1.15713700400146,0.313552062995243,3.69041425831414,0.000223889146099951,0.00385890605290341
"LOC105373989",83.0705617062684,-1.29495733804249,0.390287810751503,-3.31795485887464,0.000906791380509266,0.0101772059102425
"LCT",144.760065602545,-1.22893292906543,0.292688146506713,-4.1987792937055,2.68357718712203e-05,0.000902193092432455
"LOC101929356",30.4167587456957,3.41214512407086,0.769173924534671,4.43611648189337,9.1596297660187e-06,0.000442347462250792
"FAM133DP",65.9470353166373,2.24742634050415,0.590868948285441,3.80359527611941,0.000142611107717372,0.00285337690015892
"ACVR1C",42.7821994066816,-1.13860593776052,0.425301363685376,-2.67717443436843,0.00742459696013037,0.0439956333057126
"LOC107985780",100.535352470898,1.5012112474353,0.383553946806628,3.91395072305734,9.07981730270009e-05,0.00212095833316881
"PKP4-AS1",12.7340067763943,2.49730910846113,0.864044930490098,2.89025375919354,0.00384930964798295,0.0275557678640498
"ITGB6",26.4038627366305,-1.46268238132287,0.536767612671965,-2.72498255630925,0.00643048843747728,0.0395267087786228
"PPIG",6391.87445208304,1.52536355733745,0.549708318858793,2.77485987569579,0.00552254964040163,0.03533764392257
"KLHL23",14.5917415584371,-2.13742010424967,0.747003172960377,-2.86132667386012,0.00421872109735088,0.0292684880623885
"RPS15P4",72.996072587636,1.06145911212296,0.40247558053323,2.63732550113142,0.00835626057237736,0.0479079347432586
"LOC107985962",38.0046455036253,1.93076525419572,0.637025606245317,3.03090681954814,0.00243820479958144,0.0201948739433488
"FTH1P20",70.0519243057484,2.58421949098117,0.464708035216624,5.56095288900382,2.68305624545363e-08,8.8397759766879e-06
"NOP58",9780.3607642743,1.01825197748453,0.242802692746353,4.19374252388653,2.74389417752449e-05,0.000916238177386894
"CPS1",368.014720329716,-1.06264480989018,0.189700695244113,-5.60169169924621,2.12269856531068e-08,7.15252930211276e-06
"RPL37A",55161.4811429396,1.00710817567778,0.20482052896689,4.91702751065827,8.78682073096454e-07,9.23924852179293e-05
"CCL20",243.243467648217,1.47412176831261,0.217664706710218,6.77244276572199,1.26625905274292e-11,2.34669458949582e-08
"TPM3P8",30.2546837445212,1.49554285264936,0.53383878508727,2.80148781697245,0.00508675617563044,0.0334866056026706
"RPS28P4",172.780368809336,3.01286341934905,0.921440048866037,3.2697335253192,0.00107648840842315,0.0115141968868451
"ALPG",183.19290072671,-1.00745062682373,0.264477199302779,-3.80921542378546,0.000139408457137545,0.0028014433023781
"UGT1A8",23.5389448363013,-2.27360151964871,0.706850411178413,-3.21652429381531,0.00129753547569835,0.0129981492991241
"UGT1A1",83.7635510768566,-1.0792675299252,0.332668723406045,-3.24427111414344,0.00117751610404786,0.0122343239851289
"TNRC17",19.5196212864636,3.069769013214,0.88108936774261,3.48406089733994,0.000493867104184268,0.0066964646426909
"LOC105373943",31.9323461074439,2.54065259451371,0.599882574802133,4.23524986594539,2.28297706451218e-05,0.000810275606047995
"LOC107986000",13.6730165935189,3.87909285579316,1.17093210381576,3.31282475145418,0.000923588320084619,0.0102810726410272
"C3orf20",26.4097398168385,1.64674191153304,0.628663657164952,2.61943233518422,0.00880762439817064,0.0495645944762489
"RARB",78.4920879324435,-1.05996028540629,0.345755554034134,-3.06563487712375,0.00217208385020462,0.0185716927123032
"LINC01980",54.166183013049,1.16242181063936,0.375561572914279,3.09515641235393,0.00196709132988615,0.0173492540493112
"UBE2FP1",84.5927246870227,1.31651798060898,0.367300262373366,3.58430993787508,0.000337970565681094,0.00513749220777008
"RPS27P4",55.2469640740543,1.34989953303806,0.459717922676726,2.93636481514188,0.00332083526324378,0.0250685863609227
"C3orf62",72.3159968055019,1.38506516109136,0.380588863111715,3.639268763061,0.000273413327300366,0.00437756586453049
"RNF123",323.66629402735,-1.07580456456751,0.278244445792533,-3.86640086023372,0.000110453334212983,0.00239090961801287
"MAGI1-IT1",19.1645751027089,1.71736878097765,0.648790582796257,2.64703099353858,0.00812019103570166,0.0469539595535541
"LRIG1",180.323662895616,-1.28103139564529,0.335054550809173,-3.82335172750688,0.000131649771692012,0.00270120719759357
"CCDC80",132.277463457149,1.2247501433604,0.361415445303562,3.38875983103516,0.000702094755164528,0.00850429480397818
"LOC100653395",14.1464529615623,2.55002446162895,0.79586453541447,3.20409359653267,0.00135488422760739,0.0134185127311337
"ZBTB20",217.710500286671,1.14893686986456,0.332785533010471,3.45248442584315,0.000555449539974716,0.00724282751069933
"LINC02035",25.2502531451892,2.27882074050366,0.654004498674375,3.48441141478794,0.000493220700844883,0.00669641951531707
"LOC100421438",17.8849848248422,2.58431217947473,0.760406082562026,3.3985948281311,0.000677329775113773,0.00829924896350149
"NME9",10.8195042343465,2.78360548457559,0.892177230269527,3.12001403996229,0.00180842420140669,0.0164287360355733
"HLTF",991.036603234946,-1.53751700860385,0.241442088306334,-6.36805711626008,1.91437633759342e-10,2.02732454151143e-07
"LOC105374162",101.476044716685,1.36464111013274,0.455385590576277,2.99667169619011,0.0027294448585356,0.0218032055348323
"PA2G4P4",41.6353586711091,1.79354405182681,0.479254183422916,3.74236493673776,0.000182296517106997,0.00334496059731229
"SHOX2",103.902388015604,1.02064848739099,0.312636526286075,3.26464888641021,0.0010959984478628,0.0116366767072227
"RPL23AP42",135.016115673888,1.08004566775622,0.291638305342649,3.70337382974181,0.00021275101559509,0.00373119825971398
"RPL22P1",72.3529640959307,1.229781561599,0.376718763153556,3.26445529631802,0.00109674768591492,0.0116366767072227
"KCNMB3",113.975085941954,1.76923691304081,0.449533345791148,3.93571896190944,8.29479966021274e-05,0.00199965365467177
"IGF2BP2-AS1",24.1726331552757,2.69182932944505,0.785825122547033,3.4254813853752,0.000613710986578405,0.00775198502330776
"RPS20P14",30.2781427608575,2.16350086674119,0.707102636229207,3.05967020329406,0.00221580843087963,0.0188404519938161
"FLJ42393",15.9641661906561,5.51681689788032,1.33652261053328,4.12773929479506,3.66347117745203e-05,0.00111072850055018
"IL1RAP",262.876624855034,-1.07656108952857,0.245025637331254,-4.39366713317901,1.11454429451221e-05,0.000510007213285125
"ATP5ME",617.496574656993,1.2270416041274,0.288816349286315,4.24851850374642,2.15188875170993e-05,0.000778143966654912
"ZBTB49",81.1674077451638,1.17317372048187,0.328619562339385,3.57000572981793,0.000356973419508256,0.00536763480489797
"GMPSP1",14.7730669215141,3.28846205209837,0.92939940055829,3.53826573389546,0.000402764498983754,0.0058143977234013
"LOC107986265",109.074121099574,1.52171893081215,0.348154860118399,4.37081053613514,1.23786169382565e-05,0.00053662390270933
"FRYL",662.019702241014,-1.20384606791772,0.259412099363896,-4.64067046552441,3.47280557710121e-06,0.000234242963919938
"SULT1B1",44.8291340670779,-1.38866512935967,0.473886167613688,-2.93037700668172,0.00338550984849586,0.0253780290386369
"CXCL1",89.5583149577898,2.73665231515068,0.375811325307671,7.2819846844962,3.28944428429835e-13,1.41641639715859e-09
"CXCL2",163.285936397198,1.67509478265943,0.258653333738167,6.47621570714074,9.40515678118428e-11,1.26764413125307e-07
"SPARCL1",9.75714996676477,3.71198930365685,1.19247670996208,3.11284008538405,0.00185296389745914,0.0167206590040957
"HSP90AB3P",78.1252241737361,1.27182077937417,0.426179362526393,2.98423830716441,0.00284285264419378,0.0224550523723053
"HERC3",134.013005998057,-1.077681203514,0.32323500803574,-3.33404853039569,0.00085591722729887,0.00974736593560789
"TMSB4XP8",109.351794343853,1.07916833057804,0.350781302589977,3.07647050344489,0.00209467026393494,0.0181006520136529
"MTTP",204.685041208181,-1.1493480114618,0.255001460004355,-4.50722129764346,6.56821198193443e-06,0.000350288887928633
"RPL34",14522.2497971661,1.05100667209616,0.222448979854814,4.72470888732383,2.30445233298364e-06,0.000180771483009606
"LARP7",1367.7738347489,1.126029851941,0.275570905560447,4.08617103337132,4.38550551485639e-05,0.00127489225026002
"NDNF",135.621276706083,-1.11621993172657,0.302475983861531,-3.69027622450039,0.000224010673362198,0.00385890605290341
"SCOC-AS1",14.2787203302769,3.06295232021679,1.06170458881121,2.88493838351625,0.00391490276199339,0.0278514147549491
"RPSAP36",10.5542774986515,6.79154821195713,1.45945510348736,4.65348210830792,3.26375935305896e-06,0.000226114468076879
"PRSS48",19.4013547175657,2.41533162803487,0.808673035746796,2.98678393029929,0.00281928904275117,0.0223164865711846
"NACA3P",12.0882663087723,2.58374865170112,0.929171609528362,2.7807012452873,0.0054241628705716,0.0348887803553556
"LOC105377572",48.3079950685704,2.64692206887091,0.680825041972248,3.8878153794155,0.000101150515009572,0.00226877085557021
"LOC285442",63.7098953304854,1.39314025106404,0.499299005263852,2.79019232238975,0.00526767406054354,0.034268773857665
"C5orf38",219.97400300007,1.09713460952605,0.256272658912756,4.28112235687052,1.85953074468741e-05,0.000714233233697813
"LOC646652",60.5478241479967,1.4006538863126,0.489483402298256,2.86149413797517,0.004216493011197,0.0292667253670443
"PRLR",37.8956424199431,-1.48989842551823,0.499322987552856,-2.98383704067002,0.00284658333739731,0.0224605878447326
"RPL37",41752.2045188945,1.08248342242903,0.181248902819212,5.97235848378489,2.33847972032866e-09,1.33347308975357e-06
"C5orf51",144.071737568768,-1.15874298342518,0.330189696619369,-3.50932507976146,0.000449245451542848,0.00629538096840667
"FLJ31104",43.1179684027491,1.40569383370527,0.518747902872976,2.70978220041013,0.00673274032452993,0.0408093246326577
"MAP3K1",2464.43130340315,-1.03084646654793,0.235233453888366,-4.38222731294474,1.17472149211017e-05,0.000523732735236317
"NDUFAF2",2331.09108548614,1.04393191418632,0.230544481796543,4.52811494793266,5.95122070819885e-06,0.000328002967359688
"LOC100421561",64.2913663447097,2.79881165011126,0.566909442845245,4.93696424611378,7.93480109633942e-07,8.55371573260904e-05
"IPO11",904.561476943788,-1.45051464038044,0.546823944700146,-2.65261727186404,0.00798703773774563,0.0463858132720121
"SREK1IP1",2304.55807654547,1.11532086661414,0.247755117400079,4.50170667842596,6.7409970332375e-06,0.000356935792909926
"LOC107986422",21.433679561577,3.09706724876322,0.810070157977657,3.8232086668827,0.000131726210971277,0.00270120719759357
"FAM169A",314.213344873404,-1.06676045691503,0.259075826658532,-4.11756075691709,3.82903602054545e-05,0.00113766108297809
"F2RL2",10.0786508921953,3.77453582350761,1.22953722766216,3.0698833175507,0.00214142414465954,0.0184129622022609
"LOC107986428",10.9093894477393,4.95567786720211,1.35645059569543,3.65341567391284,0.000258774799312372,0.00422067675974172
"PPIAP11",47.3473337168538,1.31493788475446,0.434024607646244,3.0296390149063,0.00244846194189592,0.0202233408081052
"RASA1",323.695559439623,-1.37080766831797,0.269700563698194,-5.08270227366658,3.72102712703244e-07,5.25196402014612e-05
"EPB41L4A",179.647924067136,1.37865840385895,0.273958487575259,5.0323624431611,4.84472214479634e-07,6.356446948562e-05
"CCDC112",314.056865809692,1.46500682265455,0.346449979486679,4.22862435964116,2.35124539448337e-05,0.000824103173016796
"MIR1244-2",260.075837996382,1.73320896878072,0.32793584795184,5.28520739530513,1.25562422094193e-07,2.44156925672226e-05
"CDC42SE2",1978.86138177253,-1.01552981333392,0.23451026884909,-4.33042790969391,1.48819862210612e-05,0.000604005274293654
"SNORD63",13.2468001444752,2.90260901026091,0.966225890448844,3.00406875757857,0.00266395114034145,0.021383724746455
"LRRTM2",19.3756643681187,2.30840699243947,0.837938161973841,2.75486557027287,0.0058716254664565,0.0369918678956604
"LOC100431175",15.9902340868643,3.8656389774262,1.04779002715214,3.6893259882735,0.000224848959011054,0.00386729775672609
"ATOX1",1836.78995753393,1.03841542792188,0.238865609999054,4.34727890685478,1.37836898747898e-05,0.000572428532447153
"RPLP0P9",86.8944076910706,1.31774869667531,0.354104127122787,3.72135932834913,0.00019815323966225,0.00356099385603942
"FGF18",27.8457560493351,1.54467953524619,0.548209365196416,2.81768177143918,0.00483717258670493,0.0323627801310863
"MAML1",147.096748132339,1.16444123904349,0.320423859632359,3.63406532952797,0.000278990170146399,0.00445243085316524
"TRIM52-AS1",189.137654784831,1.17965824028013,0.325214054093114,3.62732860229457,0.00028636874836085,0.00453600754615167
"LOC107986512",9.47136931393222,4.1376838818399,1.25360875468334,3.3006182083381,0.000964720642966665,0.0105358816908027
"LOC107986515",28.7625114194834,2.4347118863985,0.745122847315055,3.26753084430526,0.00108490043961086,0.0115717510199069
"TXNDC5",226.141925029361,-1.25584889748052,0.332152630822248,-3.78093918561371,0.000156237839434179,0.00301612266595199
"TFAP2A",259.557547824771,1.11757070783847,0.236748232565844,4.72050285540211,2.35262305775658e-06,0.000183578891864732
"MAK",42.4675846158934,1.71133529973015,0.534834911596693,3.19974493553748,0.00137549256463689,0.0135682320447815
"ATXN1-AS1",225.356554849487,-1.09853342033524,0.249551506267462,-4.4020308142635,1.07242321052986e-05,0.00049540052299264
"LOC105374952",53.1266048871403,1.61891885167191,0.414406304028735,3.90659803177043,9.36046772788786e-05,0.00216165567809448
"KAAG1",32.8713969087797,1.57793035273228,0.49651370575658,3.1780197292396,0.00148284660217787,0.0142808342071891
"MICA",581.780415338725,1.11709177524117,0.243007375839841,4.59694596256788,4.28728752784138e-06,0.000265955334258478
"BAG6",606.855874783514,-1.13232940408895,0.267426788079806,-4.23416596452201,2.29401487105713e-05,0.000810275606047995
"BRD2",1077.06557739006,1.23872991528553,0.263942659992554,4.69317811421797,2.68993093451071e-06,0.000198959997437721
"SCUBE3",31.8469695957656,2.80455432282024,0.701918531401912,3.99555532067065,6.45427828822601e-05,0.00167879175265331
"RPS15AP19",51.3234400282574,1.80084662300837,0.521711389394554,3.45180622776562,0.000556847472773229,0.00724830608545733
"PNPLA1",27.0828807619033,-1.71739810566752,0.553370371476946,-3.10352377754484,0.00191230867856313,0.0170281612422684
"LOC401261",17.739109198614,2.21798576500224,0.766525941097695,2.89355603781132,0.00380906314887496,0.0273742948352982
"CLIC5",190.533290450581,-1.8492699032099,0.298283413498695,-6.19970745781342,5.65682074687667e-10,3.99371544729493e-07
"MEP1A",320.70402879581,-1.5617453158682,0.239075780832502,-6.53242796250604,6.47119253849272e-11,9.59419005756931e-08
"SMAP1",652.281758446097,1.05549419861039,0.281123020693935,3.75456337942361,0.000173643904037585,0.00324237345247008
"DOP1A",159.446519658893,-1.25176568893101,0.304338363222126,-4.11307229124245,3.9042805622413e-05,0.00115538649931716
"SNHG5",1719.91819582633,1.30763105006422,0.25662631118993,5.09546758475764,3.47881544583336e-07,5.00605985928178e-05
"MANEA",203.605175516195,-1.37044994298702,0.259599749922173,-5.27908807076229,1.29828396251802e-07,2.46568721248256e-05
"LAMA4",58.794263328115,-1.21816049813697,0.362374349443199,-3.3616079615147,0.000774900571275506,0.00907478346740178
"RWDD1",3681.52524912612,1.41487875188225,0.45087205939287,3.13809366184163,0.00170050529354837,0.0157328709226899
"ROS1",56.8713158383675,-1.52687176801436,0.530755112774783,-2.87679144536525,0.00401741015827839,0.0282955453713233
"MAN1A1",2164.02590492081,-1.20832235456322,0.16639571977503,-7.2617394016919,3.82143908581839e-13,1.41641639715859e-09
"LOC101928096",34.3832645795913,2.37440296071638,0.64967874015779,3.65473396919176,0.000257448791389671,0.00421433736400813
"ADGRG6",8405.83421823908,-1.05196977785248,0.181267811528657,-5.80340088502792,6.49831724184916e-09,2.91951670992896e-06
"PHACTR2-AS1",15.8071256202109,1.95766672262064,0.740810593499768,2.64260087503899,0.00822719538686109,0.0473327119928609
"SHPRH",196.78768509419,-1.39428145996267,0.282793131225064,-4.93039365532897,8.20640806171378e-07,8.7531083397819e-05
"IYD",29.8224092349879,-1.62163268219124,0.55446396978475,-2.92468540890182,0.00344804605367666,0.0256630174657682
"LOC101928868",55.0618943247657,1.32086161532496,0.449353636013829,2.93947018442354,0.00328773901219869,0.0248567152447005
"LOC105378120",10.422576721457,3.82854917370693,1.10832176828846,3.45436612656199,0.000551587990679636,0.00721222343937977
"ELFN1-AS1",38.4789434164922,1.25973817270792,0.471477140071657,2.67189661097135,0.0075423882954354,0.0445334324444943
"LOC105375126",23.8018185783525,2.27267755216936,0.728318328309022,3.12044536548457,0.00180577792084263,0.0164147538040545
"LOC100505938",48.7510467296669,-1.46681177476665,0.416893501264912,-3.51843281393483,0.000434103721961493,0.00615493613259724
"HSPA8P8",52.3127658898567,1.72556718747119,0.484004702214263,3.56518682479102,0.000363597094855465,0.00541233988787864
"LOC101927630",17.4363281280904,-1.7659682272994,0.64049550374301,-2.75719067031573,0.00583003450049004,0.0368051283116359
"IGF2BP3",1261.94603304304,-1.3122687393226,0.238388713687639,-5.50474357205546,3.69705993265212e-08,1.05408866464424e-05
"HOTAIRM1",64.278377888637,1.52214713561945,0.482111027873854,3.15725434104305,0.00159262366480422,0.0150109589665527
"RP9P",486.78229203545,1.24132776082042,0.290183250264224,4.27773746310353,1.88802506336853e-05,0.000717739989474404
"RP9",911.280068961712,1.29722848377829,0.252910499345475,5.12919980441885,2.90976378864968e-07,4.54106925584423e-05
"INHBA",9.27872865112763,3.01918096694875,1.05889780830855,2.85124866937962,0.00435478979160482,0.029987976521288
"LOC105375259",9.32776002504686,3.00947589184058,1.01760097865196,2.9574223639479,0.00310222859367908,0.0238556229926795
"SEC61G",4451.47314483969,1.03111097164149,0.242412112543476,4.25354558739948,2.10412077904198e-05,0.000768366863794985
"TRIM74",113.054047871455,1.43437112431446,0.497288535569969,2.88438405818153,0.00392180140911281,0.0278737429010098
"FAM133B",2317.48948027341,1.81028737233417,0.505228688283888,3.5831048677841,0.000339534215944589,0.00515244041514275
"LOC112268009",56.3411830865981,1.785651618822,0.590449924456637,3.02422194475721,0.00249273493912465,0.0204522900982081
"SEM1",5547.2854713877,1.12278862905021,0.228465160281155,4.91448511304077,8.90160885829387e-07,9.26162111583984e-05
"CCZ1P",22.42290025742,2.06547719804007,0.7086854704003,2.91451890056866,0.00356237236950819,0.0262556319828658
"MUC12",244.132338706488,1.17905319147991,0.256896322540167,4.58960712174291,4.44081054663217e-06,0.000270944268166125
"DNAJC2",3524.64599770466,1.25767766839826,0.454080404307861,2.76972460486441,0.00561037073453476,0.0357606863758436
"LINC01004",147.695572654577,1.65409804401412,0.388580281789974,4.25677297981927,2.07398763240908e-05,0.000764617251394926
"SLC26A3",77.4131828254799,-1.27919769834284,0.415809085570921,-3.0764063189876,0.00209512127341613,0.0181006520136529
"TPM3P1",14.8796217028739,3.09464218531256,1.14628758883173,2.69970835893507,0.00694002834481543,0.0417584660065883
"PTPRZ1",15.160754248907,7.31979090502674,1.51375015830485,4.83553436137948,1.32788432874991e-06,0.00012186031394555
"SND1-IT1",21.7008692814502,3.0261245060716,0.869181659378855,3.48157887757798,0.000498466947531024,0.00673680124347763
"AKR1B10",65.6661223652989,1.08575107081001,0.35432608010509,3.06427082784305,0.00218201279562882,0.0186403001677098
"LOC107986852",55.8940044393989,1.75018830060508,0.467391328334363,3.74458873005241,0.000180689512996294,0.00334027770534046
"CNTNAP2",99.9887048647938,-1.07117020854848,0.368421514636382,-2.9074583486409,0.00364378865247062,0.0265852195673209
"ZNF767P",46.5002225662592,1.22307914489502,0.439770397355212,2.78117661454851,0.00541622623115144,0.0348528516072271
"AOC1",181.613533157179,-1.53517968524676,0.24380935357135,-6.29663982435153,3.0416691386065e-10,2.64969086143811e-07
"C8orf58",15.4939802784625,2.20528196205207,0.748668157687084,2.94560672763887,0.00322321927051064,0.0245315446122129
"LOC112268025",22.543602255876,2.08563925002829,0.624895619238619,3.3375802067063,0.000845113263635316,0.00964211854384892
"ADAM9",5690.58743667768,-1.12739795669882,0.252716207402991,-4.46112249105192,8.1531469216557e-06,0.000411151551906352
"LINC01602",12.2821161247915,2.2964182636262,0.845441818386636,2.71623453404336,0.00660291243737541,0.0403025030039225
"CSPP1",730.978739876561,1.27998822975002,0.286132896790862,4.47340464555385,7.69838964770027e-06,0.000396306683738904
"SLCO5A1",187.167962283648,3.1380474211622,0.905942378162881,3.46384880186939,0.000532505727629314,0.00701771548251752
"HNF4G",238.06251939844,-1.30736269366244,0.230105787697486,-5.68157240521559,1.33461991334175e-08,5.20712495663282e-06
"UQCRB",8388.90533318393,1.03167286190591,0.226226521381845,4.56035329369963,5.10676297306665e-06,0.000301644891787595
"GASAL1",979.088010990238,1.25050028097838,0.225951608726582,5.53437210748773,3.12345239370533e-08,9.64756358105733e-06
"ANGPT1",53.1660001132454,-1.06724887840689,0.401574162037075,-2.65766321466757,0.00786844799414101,0.0459101180484591
"LOC105375724",27.8638460284671,2.08972832820726,0.761350986768796,2.74476340679107,0.00605545365681774,0.0379451208436094
"TNFRSF11B",4333.92125586755,-1.01358100858364,0.185287477022354,-5.4703157756385,4.49234449377735e-08,1.20596179401788e-05
"SNTB1",1556.92994864142,-1.09924034486458,0.16073505719093,-6.83883381805654,7.98404357646554e-12,1.6910204294954e-08
"LOC107986874",69.4066503256544,2.10481204109063,0.471625581325333,4.46288777461099,8.0862409589333e-06,0.000410570576908031
"C8orf76",119.067326164945,1.07812992941172,0.283694057586662,3.80032609277469,0.000144505802208243,0.00287246698512526
"ANXA13",58.9590004307134,-1.22281588546545,0.438001409987424,-2.79180810285647,0.0052414430669668,0.0341280785730566
"LOC105375752",105.708001579816,1.22671520470602,0.419922736440394,2.92128789001674,0.00348587548869358,0.0258278810571569
"CASC8",52.142587281075,1.46801430699249,0.467801949417232,3.13811070864772,0.0017004063960322,0.0157328709226899
"TMEM75",19.9409246888093,2.01438486838049,0.635627865029264,3.16912611798061,0.00152898033690346,0.0145873525915246
"ASAP1-IT2",18.8598860428207,3.32701830040521,0.901165616605119,3.69190550449405,0.000222580168212816,0.00385061093806676
"SLC39A4",104.754068660837,-1.24651957385967,0.299202761928451,-4.16613658853108,3.09805125338926e-05,0.000983548348667006
"ANKRD18B",212.977868265866,1.12324836017274,0.338923253975245,3.31416728418046,0.000919164981840164,0.0102590873879671
"LOC730098",15.5810947002769,2.20982518311511,0.766852158405556,2.88168346257223,0.00395556883684467,0.0279796104842839
"LOC105376033",39.4534033279904,1.79610808113722,0.516639796513902,3.47651902400223,0.00050796818942354,0.00680934572910796
"ANKRD18A",11.3376876941543,2.48098247732424,0.881556476973589,2.81432051391822,0.00488804654343134,0.0326112664788345
"PIP5K1B",276.575063754989,-1.06738859474685,0.232369202280027,-4.59350285783803,4.35867047844775e-06,0.000268139620387827
"MAMDC2",22.9562924398569,2.1764663353784,0.667649599236591,3.25989312038386,0.00111454204840994,0.0117526318703597
"LOC107987100",24.0140981570535,2.27674427127534,0.755583677492296,3.0132258531995,0.0025848646703497,0.0209826618063773
"TSTD2",286.283805341859,-1.53038866458483,0.310027351579299,-4.93630209331186,7.96177506475143e-07,8.55371573260904e-05
"C5",69.7091785365916,-1.20529149548235,0.337694983641281,-3.56917204539432,0.000358111202376076,0.00537928742292574
"LCN2",73.1357988421843,1.25418786071026,0.348870447997321,3.59499598750734,0.000324396576533679,0.00495825117906014
"TMSB4XP4",60.0584239994339,2.86401073657224,0.606927005978667,4.71887180560377,2.37156201764936e-06,0.000184087845411881
"TTF1",730.086011087351,1.23264838221126,0.263087576999495,4.68531580346581,2.7952859025727e-06,0.000202160530690453
"MALRD1",102.426607919028,-1.63199578248212,0.324940149645128,-5.02245039360156,5.10163762655468e-07,6.52042064235342e-05
"BMI1",63.6704400352508,-1.52252179785943,0.468014026222982,-3.25315420596826,0.00114131541909486,0.0119668616714996
"WAC-AS1",498.522062091949,1.22254609646757,0.279463109757662,4.37462424835859,1.21641823928624e-05,0.000533568544841946
"MAP3K8",115.76145860047,1.12104291089445,0.299485302250697,3.74323181294564,0.000181668485383233,0.00334234323470476
"LOC107984289",20.0746533331073,2.09743176522577,0.715717198185138,2.93053145927508,0.00338382729116079,0.0253780290386369
"PRKG1-AS1",47.7888984788994,-1.07566497868011,0.409690763081033,-2.62555340664919,0.00865082365773625,0.0489904933344529
"FAM133CP",183.974251679656,3.8962070522493,0.893154423996833,4.36229944964491,1.28702546508554e-05,0.000546281923118508
"RPL7AP50",69.4591516417459,2.09318275187054,0.570806147143322,3.66706413787966,0.000245351270495814,0.00410098978170343
"UNC5B",142.782855219809,-1.01000930310155,0.260582509315207,-3.87596736924434,0.000106201917009176,0.00233959824900155
"PTEN",35.7527785495619,-1.57563717869295,0.57116016640912,-2.75866082993667,0.00580387380060545,0.0367099969999046
"CYP26A1",22.77081750554,1.52421212680783,0.572524180527003,2.66226681535932,0.00776163270136825,0.0454200346998224
"PIK3AP1",229.107962830877,-1.21295086877266,0.326867413901121,-3.71083447657337,0.000206577150996548,0.0036489106585873
"RPL13AP5",353.73187377265,1.04934617291096,0.259144623774377,4.04926854212715,5.13779630831553e-05,0.00143020768284924
"LOC102723665",30.3433750959172,1.95797807815283,0.521776149621052,3.75252506189645,0.00017506232436939,0.00326064575515148
"INSYN2A",29.8187739882235,2.04254155083046,0.701036380232556,2.91360278642442,0.00357284195650813,0.0263144336051613
"LOC171391",24.4589952496163,1.68045276849791,0.586642125783668,2.86452795433514,0.00417631290859841,0.0290831447547582
"KCNQ1OT1",559.107480553076,1.70119964811636,0.555187887679564,3.06418725240316,0.00218262249366951,0.0186403001677098
"LOC644169",12.896669053769,2.12858373106626,0.813536094182864,2.61645887169181,0.00888470671680275,0.0498768124889502
"LOC644656",17.4949580565529,2.20636114551569,0.754167871938276,2.9255570644307,0.00343840108814989,0.0256169520265881
"SPON1",734.067278522929,-1.03565096869051,0.196710351408748,-5.26485241510502,1.40302020224034e-07,2.56804660721176e-05
"RPL36AP37",479.535791624941,1.45770945057227,0.265233480398055,5.49594812986875,3.88616733074841e-08,1.08710031784294e-05
"HSP90AA2P",42.5837224318215,1.40565374473349,0.508546600198335,2.76406084355944,0.00570868934787505,0.0362471213154585
"CREB3L1",58.2124214872412,-1.08354408119694,0.360236841569751,-3.00786581537675,0.00263089274368418,0.0212102315485926
"NUP160",132.506799939698,-1.50978555797321,0.382234260341707,-3.94989595287326,7.81851728981356e-05,0.00191282734882468
"UQCC3",982.316607593064,1.05840924810416,0.260188295400589,4.06785880385059,4.74471156146885e-05,0.00134503047056094
"TIGD3",64.6494086313804,1.26471448796786,0.362505829059473,3.48881145235426,0.000485173242078946,0.00663134396906189
"NEAT1",741.311835408016,1.11233251292259,0.260107869440414,4.27642775789759,1.89916146977824e-05,0.000718289998748271
"MALAT1",843.171977507812,2.28687476573787,0.682110242282636,3.35264686553452,0.000800427619191844,0.00929298346291173
"CCDC85B",1358.01267184341,1.00838502129854,0.229692318313992,4.39015561643672,1.13269571481333e-05,0.000515133333368787
"RPL37P2",122.912231588474,3.18402938279263,0.847554337790882,3.75672595941363,0.000172150833165088,0.00322668552781996
"LINC01488",41.7559270916098,1.38048216556408,0.449930386309368,3.06821278928886,0.00215343218950613,0.018463487942884
"LOC105369380",16.6734602958774,2.96445576921097,0.785415372236423,3.77437961364299,0.000160406345862538,0.00307258977229713
"LOC105369383",44.9741315210399,1.57374494836233,0.51825719802514,3.03660991947475,0.00239254857301846,0.0198879916548292
"RPS12P22",83.1968187093293,1.22057610480466,0.458285960144145,2.66335042081751,0.00773667997163549,0.0453375562290387
"SNORD15B",29.8447072311038,2.47501852827396,0.877082000317775,2.82187814523299,0.00477433142563482,0.0321016951095065
"RPS28P7",187.199796051534,1.64070864208252,0.336037173552983,4.88252125422615,1.04737945765404e-06,0.000103522985594526
"TAF1D",3111.14658091517,1.13660652096331,0.215803538166327,5.26685767351643,1.38778715788811e-07,2.56804660721176e-05
"MMP3",43.5671944202002,-2.93244150846579,0.511616692655477,-5.73171585400264,9.94197225606612e-09,3.98377515320098e-06
"CASP1",45.7288266103516,-1.20226707738683,0.428778089036622,-2.80393776670838,0.00504826482133174,0.0333091118117777
"CWF19L2",1774.34428493061,1.04687531263901,0.270074582951058,3.87624522530031,0.000106080774555906,0.00233959824900155
"ACRV1",33.4257740026905,1.76216855767832,0.506214787597397,3.48106890761122,0.000499416991113202,0.00673735788011314
"RPS27P3",584.830687384973,1.34826504361622,0.167736914669673,8.03797450472594,9.13356275918571e-16,1.35414201467687e-11
"SCARNA10",20.9015135785556,3.32976427993808,0.983983534604891,3.38396341283812,0.000714475233115472,0.00861204049282113
"IFFO1",1131.23071660422,1.06032121656835,0.198177649528746,5.35035721278218,8.77807895028392e-08,1.88614200749144e-05
"LOC105369632",65.2417088888246,1.66119047737198,0.49343658422631,3.36657339661319,0.00076108325782717,0.00898393342400129
"SCARNA12",71.6761105089514,1.75900858589945,0.4177334223837,4.21083995592709,2.5442294776734e-05,0.00087519132798111
"LOC100419928",15.791092328039,2.59198808790171,0.815473446215575,3.1785070377589,0.00148035624261623,0.0142808342071891
"LOC107984129",10.2068741045925,4.23287798444256,1.21753177275193,3.47660576846809,0.000507803890494777,0.00680934572910796
"RPL13AP20",89.7994467347689,1.14741642939722,0.393285609098226,2.91751440391669,0.00352833352174157,0.0260643113070954
"LOC105369667",34.5234188937311,2.05507354864687,0.567438274108798,3.6216688975986,0.000292708605583061,0.00460201249880643
"GUCY2C",663.017902864488,-1.14750097602038,0.181504235848178,-6.32217188022112,2.57912264095065e-10,2.3898795171709e-07
"SRSF11P1",11.4233844950959,5.92342190598067,1.57420265622572,3.76280771891374,0.000168016380828997,0.00317326224480346
"PDE3A",38.4538222487843,-1.94660303667479,0.448901436200338,-4.33637070344781,1.44854569177793e-05,0.000593263492439216
"ZCRB1",2670.04054733195,1.28149434065004,0.434299209423732,2.95071764544644,0.00317036591735399,0.0242788456046954
"SLC38A4",22.9473181289971,-1.9847187014425,0.618743368919733,-3.20766056031861,0.00133819339409012,0.0132976241694237
"BCDIN3D",142.568590268343,1.00834435581343,0.302028939905412,3.33856866871503,0.000842112133909522,0.0096187630950251
"KRT6B",25.9355817553361,2.89986139861642,0.812733583636463,3.56803441743037,0.000359669268532293,0.00538332976145395
"KRT6A",98.0846601424931,2.40343745554699,0.868925538965622,2.76598781802186,0.00567506547501741,0.0360841533726329
"HOXC9",16.352953772232,2.09084635478877,0.719075726680298,2.90768590457284,0.00364113850075229,0.0265797732211489
"HOXC8",182.110558901359,1.34455029786892,0.350996634004835,3.83066436429243,0.000127797731387098,0.00263522832481935
"RAB5B",394.914876125161,-1.48774672489358,0.29203782620898,-5.09436309743301,3.49915577692071e-07,5.00605985928178e-05
"NEMP1",1648.28676515143,-1.0584308694016,0.178975764544502,-5.91382231049735,3.34258477964424e-09,1.65190539810018e-06
"INHBE",308.300702701224,-1.39711456309584,0.309258517657844,-4.51762678576107,6.25365836085541e-06,0.000338710147951273
"LOC105369801",18.7722345208505,2.73698831176719,0.91435171509313,2.99336487982462,0.00275919655601248,0.0220171410868897
"LLPH-DT",30.1399182300781,-1.85818674240855,0.685276392567967,-2.71158726983908,0.00669619117280375,0.0406489493671455
"BBS10",287.715402701505,-1.01950707537523,0.239382165641093,-4.25890990101484,2.05426244031967e-05,0.000763320675192465
"CCDC59",2465.15745637242,1.12961508584667,0.244374729545035,4.62247094022257,3.79195945345663e-06,0.000245500396755232
"HNRNPA1P50",9.21169849423099,3.29071780349059,1.09488718864417,3.00553138042065,0.00265117238304791,0.0213157710146792
"LOC112267866",15.3232077700172,2.20237891273719,0.781104623666872,2.81956967864074,0.00480880893705211,0.0322934515477871
"METAP2",12444.9465434394,1.06936099658057,0.243352254386018,4.39429254221863,1.111340757154e-05,0.000510007213285125
"LOC105369919",41.8569494508885,1.61775417516667,0.576148535324445,2.80787692058553,0.00498692824713204,0.0330810730165457
"APAF1",201.131960142169,-1.46872791942304,0.268611262860618,-5.46785679714835,4.55509648354252e-08,1.20596179401788e-05
"GOLGA2P5",48.427106814763,1.57018585313484,0.468386430643953,3.35232993615144,0.000801344569895971,0.00929634944700912
"ALDH1L2",68.8301879996995,-1.36511949963779,0.372851523181184,-3.66129522012015,0.000250943395154809,0.00415730474531918
"LOC105369968",13.4792179695804,2.20892656011007,0.771902427110848,2.86166551953704,0.00421421390915381,0.0292646067527468
"MAP1LC3B2",22.0629063150304,2.12462659105924,0.765557266137077,2.77526801068702,0.00551562340294636,0.035308563286737
"HNF1A-AS1",102.548396365491,1.63082111360395,0.3867953846334,4.21623726236966,2.48412401895317e-05,0.00085954217101408
"PSPC1P1",53.2645090634309,1.51184420313141,0.511756041736341,2.95422834286795,0.00313451983751458,0.0240540326661445
"RPL21",39997.0932917599,1.05823190709522,0.190477866190051,5.55566863626746,2.76551070387604e-08,8.91336123818831e-06
"WBP4",1287.71868207688,1.09759262085509,0.281647614307077,3.89704213740791,9.73746819265474e-05,0.00221083772472127
"RB1",1449.14001184769,-1.08374998293825,0.209967585294694,-5.16151091330207,2.44964607054895e-07,3.90520996150095e-05
"RPL13AP25",170.635256425391,2.5032949863848,0.427861032824914,5.85071972985486,4.89450383191413e-09,2.26768480662372e-06
"KLF12",104.34955306346,-1.16786227267937,0.333631668975283,-3.50045388756512,0.000464466587364739,0.00641171473395682
"MIR17HG",55.2494689492583,1.59127278064351,0.5334796331037,2.98281824066222,0.00285607551295752,0.0224753197863014
"UPF3A",2501.47534720807,1.02136608849746,0.25599129383685,3.98984697170366,6.6115937360892e-05,0.00170179667936213
"ANG",63.7365294410863,1.09988851161141,0.387975004568414,2.83494683590489,0.00458333122569852,0.0311554531009744
"PAX9",75.6735843355618,-1.08276455733759,0.343069916283893,-3.15610464789805,0.00159891483303035,0.0150511182949257
"RPS29",16920.216790197,1.0770100394024,0.214767179967507,5.0147794442584,5.30943348067514e-07,6.6709882020754e-05
"LOC112268133",175.685522905054,2.61447185022724,0.82521095050922,3.16824667512459,0.00153361336554112,0.0145998640315367
"LOC729451",31.7737824902876,1.97796752225884,0.654692174026188,3.02121760535925,0.00251760357178306,0.0206107070984294
"HIF1A",2189.12951782014,-1.12396711073912,0.257813403652686,-4.35961472450546,1.30291633173568e-05,0.000547064557311925
"LOC105370532",21.2013598774367,2.19753081873683,0.654472073445765,3.35771518434229,0.000785895457856633,0.00917455595132476
"SF3B4P1",21.7942422944609,1.94141122460766,0.669966899948327,2.89777185224732,0.00375823870843416,0.027178294481414
"PLEKHH1",245.729200672147,-1.14117090039141,0.243033138220321,-4.69553620855147,2.65908258318997e-06,0.000198959997437721
"RBM25",16318.4918336401,1.84330774728064,0.630622373138506,2.92299770163053,0.00346679075405075,0.0257508215027838
"BATF",35.1189765737903,1.66923862312996,0.620945509004968,2.68822078414711,0.00718338833159668,0.0429093132168623
"RN7SL587P",12.9515769170174,4.14010245747011,1.22284215380964,3.38563930313658,0.000710126565168668,0.00857356388859175
"NDUFB1",1151.49570971389,1.10311899542178,0.266161109905056,4.14455363450835,3.40476262688909e-05,0.00105164605638037
"RPL3P4",205.903985467929,1.55905023367824,0.314021542630868,4.96478751303664,6.87763285391471e-07,7.78380035817859e-05
"CCNK",537.661045936334,-1.19773047372143,0.263056084951636,-4.55313730507941,5.28517532030277e-06,0.000309715451773948
"CRIP1",414.195171943465,1.28445375608635,0.284055269329261,4.52184449568329,6.13030898502515e-06,0.00033534383890093
"PWARSN",47.0423723541688,2.33721215828254,0.612712088673597,3.81453573625771,0.000136439192865392,0.00276723320577606
"MTMR10",100.735035565801,-1.06830534645788,0.364605574774485,-2.9300302035114,0.00338929058747714,0.0253914210459505
"SLC12A6",306.412530569556,-1.00506814774089,0.208460367453175,-4.82138720189415,1.42563327119755e-06,0.000125095566912264
"GOLGA8A",160.566476478054,1.10312518661423,0.322098144806295,3.42481074294181,0.000615227831058183,0.00775198502330776
"RHOV",119.684041097082,1.05710190924755,0.333622157476962,3.1685602576338,0.0015319598875643,0.014596939134337
"FAM214A",68.6808203454063,-1.25670164384828,0.344477245308449,-3.64814123708815,0.000264144426394986,0.00428000575489843
"CD24P2",30.4029842760326,2.46635594371547,0.637126049876004,3.8710643587646,0.000108361175300749,0.00237575413757422
"LOC107984754",72.2001819283992,2.24514993812788,0.495432846154971,4.53169376142978,5.85126329660441e-06,0.00032713571408359
"PARP16",124.687509944362,-1.12125663049145,0.29248129746218,-3.833601123287,0.000126280852664412,0.0026075764924827
"MEGF11",10.7831667487526,2.99439172694278,1.02348568432107,2.92568012705435,0.00343704136660895,0.0256169520265881
"WASH4P",25.3036259345425,1.83213404081857,0.625096702106018,2.93096097715107,0.00337915226214677,0.0253779490600404
"HBA1",28.0610296175763,2.39737718160839,0.585517262409982,4.09446029266637,4.23152922124717e-05,0.00123740931428423
"SNHG19",104.354595987727,1.25474287820975,0.413913802792162,3.03141105647012,0.00243413622496403,0.0201724447575834
"LOC105371064",20.3054396259554,2.69038992938836,0.829585510023015,3.24305318364797,0.00118256134568952,0.0122613410839299
"ERI2",197.127919403844,-1.27238841866683,0.305960254492123,-4.1586722457756,3.20102809557356e-05,0.00100975409670157
"TNRC6A",147.600894580992,1.44200025615083,0.409475423422578,3.52157949822226,0.000428984019893389,0.0061037591928401
"LOC107984837",17.0897002007058,2.37516690300791,0.767352009747118,3.09527683884043,0.00196629276162707,0.0173492540493112
"LOC101927080",26.037120216501,3.68352688404243,0.797971646866178,4.61611248784153,3.90995070798116e-06,0.000249240549354236
"CES1",209.211680527675,-1.14121828202385,0.241127191614428,-4.73284773228189,2.21391572439398e-06,0.000175131688718447
"MT2A",66.692956089814,1.75668508955093,0.479681485187305,3.66219073238772,0.000250067558637517,0.00415173754127641
"MT1E",14.363590582404,2.87266550064093,0.80527011451159,3.56733156846787,0.000360635038058744,0.0053898942280836
"ADGRG1",375.063904994465,-1.15450343369473,0.259499883086477,-4.44895550611867,8.62888875782464e-06,0.000426439682411694
"CNOT1",6964.16943444273,-1.09257046430232,0.204554052392553,-5.34123109037996,9.23174820985959e-08,1.95528427084826e-05
"CKLF",83.1887061539034,1.16610110168021,0.416691537075198,2.79847560587672,0.0051344447630802,0.0336828663970916
"RRAD",27.7610606208586,1.57468224068919,0.600911537926238,2.62048927554872,0.00878036917512397,0.0495349137710761
"SYCE1L",65.1841577948331,1.4859216047039,0.400345892880404,3.71159447649883,0.000205957766570559,0.0036489106585873
"LOC105371414",44.7996693234593,1.59056281122327,0.560475960621598,2.83787873695645,0.00454144325300248,0.0309997410999147
"LOC101927727",26.7925374584231,3.45905993679534,0.855050061284133,4.04544727077201,5.22233198392068e-05,0.00143915044597784
"CRK",356.788135507271,-1.16155486967417,0.341157548258391,-3.40474621066984,0.000662255701455289,0.0081753563944847
"SLC43A2",274.672467338931,1.45757598954173,0.371531815657617,3.92315254875763,8.73977732044472e-05,0.00207970451506365
"LINC01996",135.295544284644,1.34526795211441,0.319671352519555,4.20828435676644,2.57316930022717e-05,0.000879027835142121
"UBE2SP1",46.147987783614,1.49518281618503,0.477691021289335,3.13002076561828,0.00174793946468807,0.0160862510884328
"RPL13P12",282.505453382399,1.20316984395875,0.28114891687195,4.27947529496167,1.87334429600612e-05,0.000717679652004823
"CCDC144B",122.125169646849,1.29871829468435,0.398447649254958,3.25944524233679,0.00111630327082299,0.0117628374507617
"SNORD3A",102.005998224016,2.92886923514326,1.04978284744921,2.78997627200701,0.00527119045126984,0.0342766094870731
"RPS2P46",1409.90392540911,1.00542374573583,0.201582955219324,4.98764265382416,6.11204864239346e-07,7.27164628074535e-05
"UPF3AP2",17.2004331252378,2.1935325224195,0.785632254160978,2.79206016657514,0.00523736165717295,0.0341164867878937
"LOC105371709",248.374075107817,-1.01777672337293,0.315909498881509,-3.2217351076065,0.00127416876136155,0.0128606624037982
"RPS7P1",250.041640212426,1.01487720850581,0.243219655119203,4.17267760703145,3.01040766717852e-05,0.000963980649537554
"NSRP1",2215.1170678312,1.45056733182719,0.446352870026407,3.24982189929992,0.0011547730437507,0.0120738118100479
"KRT14",52.6621982731685,7.23676494338519,2.1193842782623,3.41456007653254,0.000638851031888281,0.00794494623493099
"KRT16",51.7715129865988,3.66306043226015,0.703081995315213,5.21000460354257,1.88835945898679e-07,3.30081171774622e-05
"GFAP",25.0206971863597,2.73811784323567,0.86636332676077,3.16047293168926,0.0015751323993152,0.0149029438112617
"HOXB-AS3",132.04803827813,1.1512366616946,0.342093189197715,3.36527208973235,0.000764682112869624,0.00901206439221387
"LOC100419622",12.5228555338862,4.53276451308153,1.17191839757508,3.86781581589696,0.000109814557400292,0.00239090961801287
"LOC112268193",89.6053385527894,1.63236921825616,0.403300486566478,4.0475260323969,5.17618266912608e-05,0.00143020768284924
"NME1",4197.85001895742,1.0872840124695,0.411539454988287,2.64199215722936,0.00824199643640908,0.0473994721358422
"LOC107984993",19.0622796493641,2.38713059708091,0.848005143635016,2.81499542190081,0.00487779287640702,0.0325610793271547
"LOC101929185",80.5182340079795,1.35796739370997,0.370302925334538,3.66717976230719,0.000245240393717487,0.00410098978170343
"PRKAR1A",982.281880518603,-1.14766246425639,0.224450633204147,-5.11320662309089,3.16735514064123e-07,4.85451109188973e-05
"MAP2K6",51.6580640182172,-1.32042826275684,0.504032515022252,-2.6197283377612,0.00879998379721323,0.0495645944762489
"RPL38",25861.20806412,1.10445782194495,0.192453201839383,5.7388383845477,9.53281353290123e-09,3.92593037329982e-06
"JPT1",7843.46756874457,1.12194281663026,0.212352237832578,5.28340472453519,1.2680482447566e-07,2.44156925672226e-05
"CEP295NL",11.8133400826896,2.54953076935515,0.919350363861901,2.7731873174503,0.00555101578827516,0.0355044694033509
"LOC107987250",62.1284923479939,1.59534293533858,0.396356585207988,4.02501937617973,5.69706244288932e-05,0.00154414346943834
"NDUFAF8",2011.54776108926,1.01403486004726,0.235300249321508,4.30953585034969,1.63597537812363e-05,0.000644569591302527
"LOC105371942",54.7475105060265,1.02536742596173,0.380040253854861,2.6980495238626,0.00697470637911136,0.0419291792831058
"ROCK1P1",144.549872247053,-1.41180724269472,0.359768224623186,-3.92421327418066,8.70136247335928e-05,0.00207405787829622
"ANKRD12",1897.92798782902,2.06204093817648,0.691242439076255,2.98309366093334,0.00285350657193678,0.0224673863173312
"DHFRP1",379.225494616426,1.01531384956957,0.328585574491057,3.08995259801707,0.0020018844193471,0.0175724916525992
"RNF152",59.3734789327874,1.08920455992291,0.356209294800316,3.05776568950425,0.00222993862873227,0.0189028416864406
"LOC105372160",14.40641595916,2.71721296384219,0.931160583865823,2.91809276608484,0.0035217955948073,0.0260633725663454
"LOC105372234",21.1835671247491,1.81644282608763,0.628358862556657,2.8907729871063,0.00384295607153292,0.0275308851255067
"ABCA7",792.803997003929,1.02957555417533,0.250752905944905,4.10593668015775,4.02679785108195e-05,0.00118926902271197
"LOC102725180",19.9145896500808,2.08924285740475,0.693400980367552,3.01303706882171,0.00258647322101263,0.0209826618063773
"LSM 7.00",1530.4806406265,1.02073812498715,0.244411827583566,4.17630413011887,2.96283632761287e-05,0.000952863587704736
"ZBTB7A",2147.67778753811,1.34689160197185,0.237484887730779,5.67148341455199,1.41566308926594e-08,5.38169768242481e-06
"TNFSF9",137.760264428659,1.34638470079841,0.254825276966205,5.28356023714619,1.26697177998556e-07,2.44156925672226e-05
"ILF3-DT",577.843785432322,1.01920125557954,0.294834989749391,3.45685312467784,0.000546522635746252,0.00717057044033092
"WDR83",146.789133088315,1.24577333620066,0.394379910437931,3.15881540420585,0.00158411793685556,0.0149688543861189
"GADD45GIP1",5795.03589256345,1.07087783683239,0.233449981679935,4.58718321212202,4.4926639614951e-06,0.000272984573332485
"ZNF91",220.265884771279,1.20476021108653,0.341343487377995,3.52946593573765,0.000416399306621145,0.00596370652672852
"GARRE1",162.970480599886,-1.02545244419207,0.320871557252529,-3.19583466036235,0.00139426984705091,0.013706468800354
"FXYD1",113.652458273687,1.05383693043828,0.324741893963167,3.24515238110241,0.00117387789190563,0.0122218494560343
"KCNK6",1253.10346575375,1.25266324512406,0.260257248892326,4.81317331392493,1.48552350585421e-06,0.000129471808337409
"SPRED3",28.6585107048288,2.16937747829587,0.594894808036808,3.6466572728294,0.000265673896674289,0.00430008863765612
"SERTAD3",562.332425777346,1.1792708616027,0.17176083876813,6.8657726060285,6.6132345371189e-12,1.63413025412208e-08
"CEACAM7",42.8625676218537,-2.09788427215901,0.481095096718862,-4.36064363670901,1.29680421102106e-05,0.000547064557311925
"ZNF114",66.2761659736596,1.29526074111945,0.355735423665162,3.64107888883908,0.000271497922104432,0.00435717852256478
"KCNJ14",60.4086894402953,1.14932068479571,0.3847975461009,2.98681916358774,0.00281896416027122,0.0223164865711846
"LIN7B",39.8743054443054,1.47835517715918,0.464512151889345,3.18259742214743,0.00145960402766159,0.0141623621165647
"CACNG8",42.1502566048392,1.31598714836392,0.47638961945919,2.76241776606691,0.00573750128970649,0.0363833165616717
"PRPF31",25.6199190002773,-1.71018891814494,0.646680599980067,-2.64456505761523,0.00817959810736756,0.0472368613691083
"MBOAT7",70.58629452447,-1.01673273077659,0.34636565064389,-2.93543175798899,0.00333083867294817,0.0250974666683554
"IL11",82.3966533734055,1.26463192258092,0.324194668996552,3.9008412028958,9.58590165947541e-05,0.00220341981400593
"UBE2CP5",85.6722208860164,2.00497993249445,0.539971724066796,3.71312023043345,0.000204719570823349,0.00364804369834973
"ZNF814",60.8682550072277,1.38414768843742,0.42881206085232,3.22786557282517,0.00124717567784492,0.0126821855965218
"GNRH2",276.437721246643,1.11022141328565,0.231788707735164,4.78979940021133,1.66948126681362e-06,0.000138709546921913
"PANK2-AS1",14.1836905785827,2.0633759852132,0.780363186882921,2.64412265967483,0.00819029701097398,0.0472487717839301
"LOC105372521",25.8304878528727,2.69491713897775,0.757137264276744,3.55935081540607,0.000371772646393509,0.00547358615236362
"RPS15AP1",49.5810126372404,2.18729102105116,0.472672877159118,4.62749424971732,3.70116505249685e-06,0.0002428029781784
"ID1",2666.94442708728,1.00698698378792,0.160235434657938,6.28442133250728,3.29077116143661e-10,2.64969086143811e-07
"LOC107985403",13.7662736200554,2.78809199503,1.02983096289627,2.70732974194992,0.00678268514294707,0.0410281884656603
"ACTL10",161.713029597942,1.04673911930432,0.28392895300031,3.68662339026475,0.000227249280405625,0.00389953452696042
"KRT18P4",11.7598423898496,2.54546031568636,0.871263675174552,2.9215728696326,0.0034826879514484,0.025817165784087
"PMEPA1",50.6823981750022,1.67349395981114,0.426828379656139,3.92076544010345,8.82681483394914e-05,0.00209081428629769
"RPS21",47562.4823323294,1.15065253719902,0.228979476269603,5.02513393752472,5.0308130554321e-07,6.48581168346403e-05
"DPH3P1",64.1124211018211,1.60507020539668,0.517134329471225,3.10377809772922,0.00191066575364355,0.0170237562881726
"MHENCR",43.754537471173,1.57175192435682,0.464099928209696,3.38666702755155,0.000707471962977519,0.00854858171982855
"RNA45SN1",14.2229064799482,3.94589611525882,1.19440848652346,3.303640387506,0.000954381707660466,0.0104787806204191
"LOC112267915",16.5094123451443,2.55179844369537,0.833531138905972,3.06143145059303,0.00220281425073221,0.0187694965984803
"LOC107985492",37.1970584366549,1.89089358033942,0.522732604509452,3.61732473549051,0.000297663757063573,0.00464543459181529
"LOC107987299",29.6138435446759,1.82670391707917,0.645045717017544,2.83189837384734,0.0046272552771403,0.0313545186192331
"LSS",259.225174965732,-1.10273780845991,0.37647444246887,-2.92911731598113,0.00339926098434866,0.0254192561545379
"TTC28-AS1",114.369920631985,1.04071498917761,0.350551019848507,2.96879749380665,0.0029896755031082,0.0232682317299629
"LOC91370",76.4125242683196,1.25973043902122,0.450998469330636,2.79320335807544,0.00521888714375453,0.0340397563739565
"LINC01589",22.9590336679041,1.54454611694276,0.58017503167869,2.66220714889046,0.0077630087636146,0.0454200346998224
"MOSPD2",633.191756659787,-1.02548546040257,0.166008888141117,-6.17729250454857,6.52101928171237e-10,4.18364409318702e-07
"ACE2",458.412175288104,-2.07684128049387,0.267069604130207,-7.77640453415778,7.46148437290386e-15,5.53119836563363e-11
"ZRSR2",360.717553917625,1.08977486757851,0.322944936856956,3.37449126214731,0.00073952263649832,0.00882072615343853
"PPEF1",14.4556413184759,-4.51001689405305,1.18507760986512,-3.80567218257239,0.000141419591122226,0.00283340516671094
"RPS23P8",142.18810277132,1.25738346813766,0.358928159322227,3.50316194335938,0.000459769845783283,0.00637647770679934
"TTC3P1",24.920468655415,1.92140376955175,0.597003451319346,3.21841316881093,0.00128901992309566,0.0129553665199269
"PBDC1",2918.01115951097,1.21525278579724,0.240954128688983,5.04350264678739,4.57086442061225e-07,6.10519242342317e-05
"HMGN5",112.020376822561,1.63968072378688,0.514529187405759,3.18675939853694,0.00143876406779406,0.0140428677216028
"UPF3B",2040.93707899488,1.76732971365548,0.56761035580368,3.11363190538185,0.0018479988453962,0.0166860114992961
"NKAPP1",39.8765089174493,1.30770139360209,0.47953280068423,2.7270322108022,0.00639068002879517,0.0393963501484063
"RBMX2",1383.99759656219,1.09847725522925,0.24916378300608,4.40865539115069,1.04014377529087e-05,0.000484942503536554
"STK26",757.320546645084,-1.13780472029931,0.252881299761727,-4.49936282900864,6.81574422969262e-06,0.000357627416752204
"XRCC6P2",38.9887111587019,1.97624482044023,0.554818933670362,3.56196355334619,0.000368091492922031,0.00544100146965307
"TRNW",105.719666574687,1.65878331179074,0.331204435137079,5.00833665196603,5.49024424885528e-07,6.84019842298558e-05
"TRNS1",735.124873474107,2.15685794521744,0.744840623290588,2.89573081512228,0.00378276729259589,0.0272911473868743
"TRNG",263.999680802589,1.66199277878045,0.317266075726513,5.23848247870379,1.61902343652708e-07,2.92727334999396e-05
"TRNH",81.2328921695876,1.59664143716755,0.431860591991601,3.69712232784278,0.000218057281719574,0.00379450382485258
"RNA45SN4",991.699513841911,2.46092482614037,0.897599501809929,2.74167356507901,0.00611270565559675,0.0382392295569103
